{
  "name": "requirejs",
  "version": "2.1.14",
  "homepage": "http://requirejs.org",
  "authors": [
    "jrburke.com"
  ],
  "description": "A file and module loader for JavaScript",
  "main": "require.js",
  "keywords": [
    "AMD"
  ],
  "license": "new BSD, and MIT",
  "_release": "2.1.14",
  "_resolution": {
    "type": "version",
    "tag": "2.1.14",
    "commit": "ebf86ba18b3cc2368c98de3ecd0f8a7056425598"
  },
  "_source": "git://github.com/jrburke/requirejs-bower.git",
  "_target": "~2.1.14",
  "_originalSource": "requirejs"
}